{
    "display": {
        "title": {
            "text": "\"Ya'll a bunch of hoes\" ~Hades"
        },
        "description": {
            "text": "Craft a diamond hoe"
        },
        "icon": {
            "item": "minecraft:diamond_hoe"
        },
        "frame": "task",
        "show_toast": true,
        "announce_to_chat": true,
        "hidden": false
    },
    "criteria": {
        "hoe": {
            "trigger": "minecraft:inventory_changed",
            "conditions": {
                "items": [
                    {
                        "item": "minecraft:diamond_hoe"
                    }
                ]
            }
        }
    },
    "requirements": [
        [
            "hoe"
        ]
    ],
    "rewards": {
        "experience": 10
    },
    "parent": "ebrius:root"
}