{
    "display": {
        "title": {
            "text": "AFK boi"
        },
        "description": {
            "text": "Play for 5000 mins"
        },
        "icon": {
            "item": "minecraft:clock"
        },
        "frame": "goal",
        "show_toast": true,
        "announce_to_chat": true,
        "hidden": false
    },
    "criteria": {
        "imp": {
            "trigger": "minecraft:impossible"
        }
    },
    "rewards": {
        "experience": 10
    },
    "parent": "ebrius:root"
}