{
    "display": {
        "title": {
            "text": "Being Irish"
        },
        "description": {
            "text": "Get a stack of baked potatoes"
        },
        "icon": {
            "item": "minecraft:baked_potato"
        },
        "frame": "task",
        "show_toast": true,
        "announce_to_chat": true,
        "hidden": false
    },
    "criteria": {
        "irish": {
            "trigger": "minecraft:inventory_changed",
            "conditions": {
                "items": [
                    {
                        "item": "minecraft:baked_potato",
                        "count": {
                            "min": 64,
                            "max": 64
                        }
                    }
                ]
            }
        }
    },
    "requirements": [
        [
            "irish"
        ]
    ],
    "rewards": {
        "experience": 10
    },
    "parent": "ebrius:root"
}