{
    "display": {
        "title": {
            "text": "\"Better than Sanc\""
        },
        "description": {
            "text": "Die 10 times"
        },
        "icon": {
            "item": "minecraft:stone_axe"
        },
        "frame": "task",
        "show_toast": true,
        "announce_to_chat": true,
        "hidden": false
    },
    "criteria": {
        "imp": {
            "trigger": "minecraft:impossible"
        }
    },
    "rewards": {
        "experience": 10
    },
    "parent": "ebrius:root"
}