{
    "display": {
        "title": {
            "text": "We did it bois COVID-19 is no more"
        },
        "description": {
            "text": "Kill a bat"
        },
        "icon": {
            "item": "minecraft:diamond_sword"
        },
        "frame": "task",
        "show_toast": true,
        "announce_to_chat": true,
        "hidden": false
    },
    "criteria": {
        "bat": {
            "trigger": "minecraft:player_killed_entity",
            "conditions": {
                "entity": {
                    "type": "minecraft:bat"
                }
            }
        }
    },
    "requirements": [
        [
            "bat"
        ]
    ],
    "rewards": {
        "experience": 10
    },
    "parent": "ebrius:root"
}