{
    "display": {
        "title": {
            "text": "Dark Oak Sapply"
        },
        "description": {
            "text": "Get a dark oak sapling"
        },
        "icon": {
            "item": "minecraft:dark_oak_sapling"
        },
        "frame": "task",
        "show_toast": true,
        "announce_to_chat": true,
        "hidden": false
    },
    "criteria": {
        "sap": {
            "trigger": "minecraft:inventory_changed",
            "conditions": {
                "items": [
                    {
                        "item": "minecraft:dark_oak_sapling"
                    }
                ]
            }
        }
    },
    "requirements": [
        [
            "sap"
        ]
    ],
    "rewards": {
        "experience": 10
    },
    "parent": "ebrius:root"
}