{
    "display": {
        "title": {
            "text": "Dark Lord Uniform"
        },
        "description": {
            "text": "Craft a full set of black leather armor"
        },
        "icon": {
            "item": "minecraft:leather_helmet",
            "nbt": "{display:{color:1908001}}"
        },
        "frame": "task",
        "show_toast": true,
        "announce_to_chat": true,
        "hidden": false
    },
    "criteria": {
        "helm": {
            "trigger": "minecraft:inventory_changed",
            "conditions": {
                "items": [
                    {
                        "item": "minecraft:leather_helmet",
                        "nbt": "{display:{color:1908001}}"
                    }
                ]
            }
        },
        "chest": {
            "trigger": "minecraft:inventory_changed",
            "conditions": {
                "items": [
                    {
                        "item": "minecraft:leather_chestplate",
                        "nbt": "{display:{color:1908001}}"
                    }
                ]
            }
        },
        "legs": {
            "trigger": "minecraft:inventory_changed",
            "conditions": {
                "items": [
                    {
                        "item": "minecraft:leather_leggings",
                        "nbt": "{display:{color:1908001}}"
                    }
                ]
            }
        },
        "crocs": {
            "trigger": "minecraft:inventory_changed",
            "conditions": {
                "items": [
                    {
                        "item": "minecraft:leather_boots",
                        "nbt": "{display:{color:1908001}}"
                    }
                ]
            }
        }
    },
    "requirements": [
        [
            "helm"
        ],
        [
            "chest"
        ],
        [
            "legs"
        ],
        [
            "crocs"
        ]
    ],
    "rewards": {
        "experience": 10
    },
    "parent": "ebrius:root"
}