{
    "display": {
        "title": {
            "text": "I eat all music"
        },
        "description": {
            "text": "Collect all music discs"
        },
        "icon": {
            "item": "minecraft:music_disc_cat"
        },
        "frame": "task",
        "show_toast": true,
        "announce_to_chat": true,
        "hidden": false
    },
    "criteria": {
        "11": {
            "trigger": "minecraft:inventory_changed",
            "conditions": {
                "items": [
                    {
                        "item": "minecraft:music_disc_11"
                    }
                ]
            }
        },
        "13": {
            "trigger": "minecraft:inventory_changed",
            "conditions": {
                "items": [
                    {
                        "item": "minecraft:music_disc_13"
                    }
                ]
            }
        },
        "cat": {
            "trigger": "minecraft:inventory_changed",
            "conditions": {
                "items": [
                    {
                        "item": "minecraft:music_disc_cat"
                    }
                ]
            }
        },
        "blocks": {
            "trigger": "minecraft:inventory_changed",
            "conditions": {
                "items": [
                    {
                        "item": "minecraft:music_disc_blocks"
                    }
                ]
            }
        },
        "chirp": {
            "trigger": "minecraft:inventory_changed",
            "conditions": {
                "items": [
                    {
                        "item": "minecraft:music_disc_chirp"
                    }
                ]
            }
        },
        "far": {
            "trigger": "minecraft:inventory_changed",
            "conditions": {
                "items": [
                    {
                        "item": "minecraft:music_disc_far"
                    }
                ]
            }
        },
        "mall": {
            "trigger": "minecraft:inventory_changed",
            "conditions": {
                "items": [
                    {
                        "item": "minecraft:music_disc_mall"
                    }
                ]
            }
        },
        "mellohi": {
            "trigger": "minecraft:inventory_changed",
            "conditions": {
                "items": [
                    {
                        "item": "minecraft:music_disc_mellohi"
                    }
                ]
            }
        },
        "stal": {
            "trigger": "minecraft:inventory_changed",
            "conditions": {
                "items": [
                    {
                        "item": "minecraft:music_disc_stal"
                    }
                ]
            }
        },
        "strad": {
            "trigger": "minecraft:inventory_changed",
            "conditions": {
                "items": [
                    {
                        "item": "minecraft:music_disc_strad"
                    }
                ]
            }
        },
        "ward": {
            "trigger": "minecraft:inventory_changed",
            "conditions": {
                "items": [
                    {
                        "item": "minecraft:music_disc_ward"
                    }
                ]
            }
        },
        "wait": {
            "trigger": "minecraft:inventory_changed",
            "conditions": {
                "items": [
                    {
                        "item": "minecraft:music_disc_wait"
                    }
                ]
            }
        }
    },
    "requirements": [
        [
            "11"
        ],
        [
            "13"
        ],
        [
            "cat"
        ],
        [
            "blocks"
        ],
        [
            "chirp"
        ],
        [
            "far"
        ],
        [
            "mall"
        ],
        [
            "mellohi"
        ],
        [
            "stal"
        ],
        [
            "strad"
        ],
        [
            "ward"
        ],
        [
            "wait"
        ]
    ],
    "rewards": {
        "experience": 10
    },
    "parent": "ebrius:root"
}