{
    "display": {
        "title": {
            "text": "Who Killed Gorlak?"
        },
        "description": {
            "text": "Kill a villager named Gorlak"
        },
        "icon": {
            "item": "minecraft:iron_sword"
        },
        "frame": "task",
        "show_toast": true,
        "announce_to_chat": true,
        "hidden": false
    },
    "criteria": {
        "Gorlak": {
            "trigger": "minecraft:player_killed_entity",
            "conditions": {
                "entity": {
                    "type": "minecraft:villager",
                    "nbt": "{CustomName:\"\\\"Gorlak\\\"\"}"
                }
            }
        },
        "gorlak": {
            "trigger": "minecraft:player_killed_entity",
            "conditions": {
                "entity": {
                    "type": "minecraft:villager",
                    "nbt": "{CustomName:\"\\\"Gorlak\\\"\"}"
                }
            }
        }
    },
    "requirements": [
        [
            "Gorlak",
            "gorlak"
        ]
    ],
    "rewards": {
        "experience": 10
    },
    "parent": "ebrius:root"
}