{
    "display": {
        "title": {
            "text": "Rich like a Jomb!"
        },
        "description": {
            "text": "Get a stack of Diamond Blocks"
        },
        "icon": {
            "item": "minecraft:diamond_block"
        },
        "frame": "task",
        "show_toast": true,
        "announce_to_chat": true,
        "hidden": false
    },
    "criteria": {
        "diab": {
            "trigger": "minecraft:inventory_changed",
            "conditions": {
                "items": [
                    {
                        "item": "minecraft:diamond_block",
                        "count": {
                            "min": 64,
                            "max": 64
                        }
                    }
                ]
            }
        }
    },
    "requirements": [
        [
            "diab"
        ]
    ],
    "rewards": {
        "experience": 45
    },
    "parent": "ebrius:root"
}