{
    "display": {
        "title": {
            "text": "Welcome to K.A.P"
        },
        "description": {
            "text": "Kill a panda"
        },
        "icon": {
            "item": "minecraft:bamboo"
        },
        "frame": "task",
        "show_toast": true,
        "announce_to_chat": true,
        "hidden": false
    },
    "criteria": {
        "panda": {
            "trigger": "minecraft:player_killed_entity",
            "conditions": {
                "entity": {
                    "type": "minecraft:panda"
                }
            }
        }
    },
    "requirements": [
        [
            "panda"
        ]
    ],
    "rewards": {
        "experience": 15,
        "function": "ebrius:proud"
    },
    "parent": "ebrius:root"
}