{
    "display": {
        "title": {
            "text": "Kill a Piggy"
        },
        "description": {
            "text": "Kill a pig"
        },
        "icon": {
            "item": "minecraft:porkchop"
        },
        "frame": "task",
        "show_toast": true,
        "announce_to_chat": true,
        "hidden": false
    },
    "criteria": {
        "pig": {
            "trigger": "minecraft:player_killed_entity",
            "conditions": {
                "entity": {
                    "type": "minecraft:pig"
                }
            }
        },
        "zpig": {
            "trigger": "minecraft:player_killed_entity",
            "conditions": {
                "entity": {
                    "type": "minecraft:zombie_pigman"
                }
            }
        }
    },
    "requirements": [
        [
            "pig",
            "zpig"
        ]
    ],
    "rewards": {
        "experience": 10
    },
    "parent": "ebrius:root"
}