{
    "display": {
        "title": {
            "text": "zillenille was slain by Dolphin"
        },
        "description": {
            "text": "Get killed by a Dolphin"
        },
        "icon": {
            "item": "minecraft:dolphin_spawn_egg"
        },
        "frame": "task",
        "show_toast": true,
        "announce_to_chat": true,
        "hidden": false
    },
    "criteria": {
        "dolphin": {
            "trigger": "minecraft:entity_killed_player",
            "conditions": {
                "entity": {
                    "type": "minecraft:dolphin"
                }
            }
        }
    },
    "requirements": [
        [
            "dolphin"
        ]
    ],
    "rewards": {
        "experience": 10
    },
    "parent": "ebrius:root"
}