{
    "display": {
        "title": {
            "text": "\"World's Largest Emerald\""
        },
        "description": {
            "text": "Trade 10 times"
        },
        "icon": {
            "item": "minecraft:emerald"
        },
        "frame": "task",
        "show_toast": true,
        "announce_to_chat": true,
        "hidden": false
    },
    "criteria": {
        "imp": {
            "trigger": "minecraft:impossible"
        }
    },
    "requirements": [
        [
            "imp"
        ]
    ],
    "rewards": {
        "experience": 30
    },
    "parent": "ebrius:root"
}