{
    "display": {
        "title": {
            "text": "I live in the mines now!"
        },
        "description": {
            "text": "Mine a stack of diamonds"
        },
        "icon": {
            "item": "minecraft:diamond_ore"
        },
        "frame": "task",
        "show_toast": true,
        "announce_to_chat": true,
        "hidden": false
    },
    "criteria": {
        "dore": {
            "trigger": "minecraft:inventory_changed",
            "conditions": {
                "items": [
                    {
                        "item": "minecraft:diamond_ore",
                        "count": {
                            "min": 64,
                            "max": 64
                        }
                    }
                ]
            }
        }
    },
    "requirements": [
        [
            "dore"
        ]
    ],
    "rewards": {
        "experience": 25
    },
    "parent": "ebrius:root"
}