{
    "display": {
        "title": {
            "text": "Atleast it's not stuck on land"
        },
        "description": {
            "text": "Craft a boat"
        },
        "icon": {
            "item": "minecraft:oak_boat"
        },
        "frame": "task",
        "show_toast": true,
        "announce_to_chat": true,
        "hidden": false
    },
    "criteria": {
        "oak": {
            "trigger": "minecraft:inventory_changed",
            "conditions": {
                "items": [
                    {
                        "item": "minecraft:oak_boat"
                    }
                ]
            }
        },
        "spruce": {
            "trigger": "minecraft:inventory_changed",
            "conditions": {
                "items": [
                    {
                        "item": "minecraft:spruce_boat"
                    }
                ]
            }
        },
        "birch": {
            "trigger": "minecraft:inventory_changed",
            "conditions": {
                "items": [
                    {
                        "item": "minecraft:birch_boat"
                    }
                ]
            }
        },
        "jungle": {
            "trigger": "minecraft:inventory_changed",
            "conditions": {
                "items": [
                    {
                        "item": "minecraft:jungle_boat"
                    }
                ]
            }
        },
        "accacia": {
            "trigger": "minecraft:inventory_changed",
            "conditions": {
                "items": [
                    {
                        "item": "minecraft:acacia_boat"
                    }
                ]
            }
        }
    },
    "requirements": [
        [
            "oak"
        ],
        [
            "spruce"
        ],
        [
            "birch"
        ],
        [
            "jungle"
        ],
        [
            "accacia"
        ]
    ],
    "rewards": {
        "experience": 10
    },
    "parent": "ebrius:root"
}