{
    "display": {
        "title": {
            "text": "Rakettipsykoosit"
        },
        "description": {
            "text": "Craft a stack of Fireworks"
        },
        "icon": {
            "item": "minecraft:firework_rocket"
        },
        "frame": "task",
        "show_toast": true,
        "announce_to_chat": true,
        "hidden": false
    },
    "criteria": {
        "firework": {
            "trigger": "minecraft:inventory_changed",
            "conditions": {
                "items": [
                    {
                        "item": "minecraft:firework_rocket",
                        "count": {
                            "min": 64,
                            "max": 64
                        }
                    }
                ]
            }
        }
    },
    "requirements": [
        [
            "firework"
        ]
    ],
    "rewards": {
        "experience": 10
    },
    "parent": "ebrius:root"
}