{
    "display": {
        "title": {
            "text": "We at Ebrius are not raquist"
        },
        "description": {
            "text": "Kill a white sheep"
        },
        "icon": {
            "item": "minecraft:diamond_sword"
        },
        "frame": "task",
        "show_toast": true,
        "announce_to_chat": true,
        "hidden": false
    },
    "criteria": {
        "sheep": {
            "trigger": "minecraft:player_killed_entity",
            "conditions": {
                "entity": {
                    "type": "minecraft:sheep",
                    "nbt": "{Color:0b}"
                }
            }
        }
    },
    "requirements": [
        [
            "sheep"
        ]
    ],
    "rewards": {
        "experience": 40
    },
    "parent": "ebrius:root"
}