{
    "display": {
        "title": {
            "text": "weclmoe"
        },
        "description": {
            "text": "Welcome to Ebrius!"
        },
        "icon": {
            "item": "minecraft:potion",
            "nbt": "{CustomPotionColor:41817}"
        },
        "frame": "task",
        "show_toast": true,
        "announce_to_chat": false,
        "hidden": false,
        "background": "minecraft:textures/gui/advancements/backgrounds/stone.png"
    },
    "criteria": {
        "root": {
            "trigger": "minecraft:enter_block",
            "conditions": {
                "block": "minecraft:grass"
            }
        }
    }
}