{
    "display": {
        "title": {
            "text": "Medicines make me skinny"
        },
        "description": {
            "text": "Make a cake"
        },
        "icon": {
            "item": "minecraft:cake"
        },
        "frame": "task",
        "show_toast": true,
        "announce_to_chat": true,
        "hidden": false
    },
    "criteria": {
        "cake": {
            "trigger": "minecraft:inventory_changed",
            "conditions": {
                "items": [
                    {
                        "item": "minecraft:cake"
                    }
                ]
            }
        }
    },
    "requirements": [
        [
            "cake"
        ]
    ],
    "rewards": {
        "experience": 5
    },
    "parent": "ebrius:root"
}