{
    "display": {
        "title": {
            "text": "Soup Boi"
        },
        "description": {
            "text": "Eat one of each soup"
        },
        "icon": {
            "item": "minecraft:bowl"
        },
        "frame": "task",
        "show_toast": true,
        "announce_to_chat": true,
        "hidden": false
    },
    "criteria": {
        "rabbit": {
            "trigger": "minecraft:consume_item",
            "conditions": {
                "item": {
                    "item": "minecraft:rabbit_stew"
                }
            }
        },
        "mushroom": {
            "trigger": "minecraft:consume_item",
            "conditions": {
                "item": {
                    "item": "minecraft:mushroom_stew"
                }
            }
        },
        "beet": {
            "trigger": "minecraft:consume_item",
            "conditions": {
                "item": {
                    "item": "minecraft:beetroot_soup"
                }
            }
        },
        "susp": {
            "trigger": "minecraft:consume_item",
            "conditions": {
                "item": {
                    "item": "minecraft:suspicious_stew"
                }
            }
        }
    },
    "requirements": [
        [
            "rabbit"
        ],
        [
            "mushroom"
        ],
        [
            "beet"
        ],
        [
            "susp"
        ]
    ],
    "rewards": {
        "experience": 10
    },
    "parent": "ebrius:root"
}