{
    "display": {
        "title": {
            "text": "I am the king now"
        },
        "description": {
            "text": "Craft a golden helmet"
        },
        "icon": {
            "item": "minecraft:golden_helmet"
        },
        "frame": "task",
        "show_toast": true,
        "announce_to_chat": true,
        "hidden": false
    },
    "criteria": {
        "ghelm": {
            "trigger": "minecraft:inventory_changed",
            "conditions": {
                "items": [
                    {
                        "item": "minecraft:golden_helmet"
                    }
                ]
            }
        }
    },
    "requirements": [
        [
            "ghelm"
        ]
    ],
    "rewards": {
        "experience": 10
    },
    "parent": "ebrius:root"
}