{
    "display": {
        "title": {
            "text": "Mariana's trench"
        },
        "description": {
            "text": "Enchant turtle shell with respiration 3"
        },
        "icon": {
            "item": "minecraft:turtle_helmet",
            "nbt": "{Enchantments:[{lvl:3s, id:\"minecraft:respiration\"}]}"
        },
        "frame": "task",
        "show_toast": true,
        "announce_to_chat": true,
        "hidden": false
    },
    "criteria": {
        "shell": {
            "trigger": "minecraft:inventory_changed",
            "conditions": {
                "items": [
                    {
                        "item": "minecraft:turtle_helmet",
                        "nbt": "{Enchantments:[{lvl:3s, id:\"minecraft:respiration\"}]}"
                    }
                ]
            }
        }
    },
    "requirements": [
        [
            "shell"
        ]
    ],
    "rewards": {
        "experience": 10
    },
    "parent": "ebrius:root"
}