{
    "display": {
        "title": {
            "text": "Always have a water bucket"
        },
        "description": {
            "text": "Obtain a water bucket"
        },
        "icon": {
            "item": "minecraft:water_bucket"
        },
        "frame": "task",
        "show_toast": true,
        "announce_to_chat": true,
        "hidden": false
    },
    "criteria": {
        "watr": {
            "trigger": "minecraft:inventory_changed",
            "conditions": {
                "items": [
                    {
                        "item": "minecraft:water_bucket"
                    }
                ]
            }
        }
    },
    "requirements": [
        [
            "watr"
        ]
    ],
    "rewards": {
        "experience": 10
    },
    "parent": "ebrius:root"
}