{
    "display": {
        "title": {
            "text": "Wood Monopoly"
        },
        "description": {
            "text": "Get a stack of logs from every wood type"
        },
        "icon": {
            "item": "minecraft:oak_log"
        },
        "frame": "task",
        "show_toast": true,
        "announce_to_chat": true,
        "hidden": false
    },
    "criteria": {
        "oak": {
            "trigger": "minecraft:inventory_changed",
            "conditions": {
                "items": [
                    {
                        "item": "minecraft:oak_log",
                        "count": {
                            "min": 64,
                            "max": 64
                        }
                    }
                ]
            }
        },
        "spruce": {
            "trigger": "minecraft:inventory_changed",
            "conditions": {
                "items": [
                    {
                        "item": "minecraft:spruce_log",
                        "count": {
                            "min": 64,
                            "max": 64
                        }
                    }
                ]
            }
        },
        "birch": {
            "trigger": "minecraft:inventory_changed",
            "conditions": {
                "items": [
                    {
                        "item": "minecraft:birch_log",
                        "count": {
                            "min": 64,
                            "max": 64
                        }
                    }
                ]
            }
        },
        "jungle": {
            "trigger": "minecraft:inventory_changed",
            "conditions": {
                "items": [
                    {
                        "item": "minecraft:jungle_log",
                        "count": {
                            "min": 64,
                            "max": 64
                        }
                    }
                ]
            }
        },
        "accacia": {
            "trigger": "minecraft:inventory_changed",
            "conditions": {
                "items": [
                    {
                        "item": "minecraft:acacia_log",
                        "count": {
                            "min": 64,
                            "max": 64
                        }
                    }
                ]
            }
        }
    },
    "requirements": [
        [
            "oak"
        ],
        [
            "spruce"
        ],
        [
            "birch"
        ],
        [
            "jungle"
        ],
        [
            "accacia"
        ]
    ],
    "rewards": {
        "experience": 20
    },
    "parent": "ebrius:root"
}