{
    "display": {
        "title": {
            "text": "\"Shop at Woolmart!\" ~Numz"
        },
        "description": {
            "text": "Have a stack of each color of wool"
        },
        "icon": {
            "item": "minecraft:blue_wool"
        },
        "frame": "task",
        "show_toast": true,
        "announce_to_chat": true,
        "hidden": false
    },
    "criteria": {
        "wool": {
            "trigger": "minecraft:inventory_changed",
            "conditions": {
                "items": [
                    {
                        "item": "minecraft:red_wool",
                        "count": {
                            "min": 64,
                            "max": 64
                        }
                    },
                    {
                        "item": "minecraft:lime_wool",
                        "count": {
                            "min": 64,
                            "max": 64
                        }
                    },
                    {
                        "item": "minecraft:pink_wool",
                        "count": {
                            "min": 64,
                            "max": 64
                        }
                    },
                    {
                        "item": "minecraft:gray_wool",
                        "count": {
                            "min": 64,
                            "max": 64
                        }
                    },
                    {
                        "item": "minecraft:cyan_wool",
                        "count": {
                            "min": 64,
                            "max": 64
                        }
                    },
                    {
                        "item": "minecraft:blue_wool",
                        "count": {
                            "min": 64,
                            "max": 64
                        }
                    },
                    {
                        "item": "minecraft:white_wool",
                        "count": {
                            "min": 64,
                            "max": 64
                        }
                    },
                    {
                        "item": "minecraft:brown_wool",
                        "count": {
                            "min": 64,
                            "max": 64
                        }
                    },
                    {
                        "item": "minecraft:green_wool",
                        "count": {
                            "min": 64,
                            "max": 64
                        }
                    },
                    {
                        "item": "minecraft:black_wool",
                        "count": {
                            "min": 64,
                            "max": 64
                        }
                    },
                    {
                        "item": "minecraft:orange_wool",
                        "count": {
                            "min": 64,
                            "max": 64
                        }
                    },
                    {
                        "item": "minecraft:yellow_wool",
                        "count": {
                            "min": 64,
                            "max": 64
                        }
                    },
                    {
                        "item": "minecraft:purple_wool",
                        "count": {
                            "min": 64,
                            "max": 64
                        }
                    },
                    {
                        "item": "minecraft:magenta_wool",
                        "count": {
                            "min": 64,
                            "max": 64
                        }
                    },
                    {
                        "item": "minecraft:light_blue_wool",
                        "count": {
                            "min": 64,
                            "max": 64
                        }
                    },
                    {
                        "item": "minecraft:light_gray_wool",
                        "count": {
                            "min": 64,
                            "max": 64
                        }
                    }
                ]
            }
        }
    },
    "requirements": [
        [
            "wool"
        ]
    ],
    "rewards": {
        "experience": 30
    },
    "parent": "ebrius:root"
}