{
    "display": {
        "title": {
            "text": "That’s some yummy cookies!"
        },
        "description": {
            "text": "Craft 16 cookies"
        },
        "icon": {
            "item": "minecraft:cookie"
        },
        "frame": "task",
        "show_toast": true,
        "announce_to_chat": true,
        "hidden": false
    },
    "criteria": {
        "yummy": {
            "trigger": "minecraft:inventory_changed",
            "conditions": {
                "items": [
                    {
                        "item": "minecraft:cookie",
                        "count": {
                            "min": 16,
                            "max": 16
                        }
                    }
                ]
            }
        }
    },
    "requirements": [
        [
            "yummy"
        ]
    ],
    "rewards": {
        "experience": 15
    },
    "parent": "ebrius:root"
}