{
    "__comment": "Made with TheDestruc7i0n's advancements generator: https://advancements.thedestruc7i0n.ca",
    "display": {
        "title": {
            "text": "Infected",
            "color": "red",
            "bold": false,
            "italic": true,
            "underlined": false,
            "strikethrough": false,
            "obfuscated": false
        },
        "description": {
            "text": "Description"
        },
        "icon": {
            "item": "minecraft:rotten_flesh"
        },
        "frame": "task",
        "show_toast": true,
        "announce_to_chat": false,
        "hidden": false,
        "background": "minecraft:textures/gui/advancements/backgrounds/stone.png"
    },
    "criteria": {
        "Impossible": {
            "trigger": "minecraft:impossible"
        }
    }
}